<?xml version="1.0" encoding="UTF-8"?>

<!--  GESTIONE PARTECIPANTI -->
<actions>

	<action value="login">
		<class>business.GestioneUtenti</class>
		<method>login</method>
	</action>
	
	<action value="esisteUsername">
		<class>business.GestioneUtenti</class>
		<method>esisteUsername</method>
	</action>
	
	<action value="getMail">
		<class>business.GestioneUtenti</class>
		<method>getMail</method>
	</action>
	
	<action value="getDataSRC">
		<class>business.GestionePartecipanti</class>
		<method>getDataSRC</method>
	</action>
	
	<action value="getNumIscritti">
		<class>business.GestionePartecipanti</class>
		<method>getNumIscritti</method>
	</action>
	
	<action value="registrazionePartecipante">
		<class>business.GestionePartecipanti</class>
		<method>registrazionePartecipante</method>
	</action>
	
	<action value="profiloPartecipante">
		<class>business.GestionePartecipanti</class>
		<method>ottieniPartecipante</method>
	</action>
	
	<action value="modificaDatiPartecipante">
		<class>business.GestionePartecipanti</class>
		<method>ottieniPartecipante</method>
	</action>
	
	<action value="aggiornaPassword">
		<class>business.GestioneUtenti</class>
		<method>aggiornaPassword</method>
	</action>
	
	<action value="confermaModifichePart">
		<class>business.GestionePartecipanti</class>
		<method>confermaModifichePart</method>
	</action>
	
	<action value="leggiIscrizioni">
		<class>business.GestionePartecipanti</class>
		<method>leggiIscrizioni</method>
	</action>
	
	<action value="eliminaIscrizione">
		<class>business.GestionePartecipanti</class>
		<method>eliminaIscrizione</method>
	</action>
	
	<action value="leggiOptionalScelti">
		<class>business.GestionePartecipanti</class>
		<method>leggiOptionalScelti</method>
	</action>
	
	<action value="modificaOptionalSceltiP">
		<class>business.GestionePartecipanti</class>
		<method>modificaOptionalSceltiP</method>	
	</action>
	
	<action value="modificaOptionalSceltiM">
		<class>business.GestionePartecipanti</class>
		<method>modificaOptionalSceltiM</method>	
	</action>
	
	<action value="listaPartecipanti">
		<class>business.GestioneCompetizioni</class>
		<method>listaPartecipanti</method>
	</action>
	
	<action value="vediOptionalPartecipante">
		<class>business.GestionePartecipanti</class>
		<method>vediOptionalPartecipante</method>	
	</action>
	
	<action value="getPassword">
		<class>business.GestioneUtenti</class>
		<method>getPassword</method>
	</action>
	
	<action value="getMailList">
		<class>business.GestionePartecipanti</class>
		<method>getMailList</method>
	</action>

<!--           GESTIONE MANAGER COMPETIZIONE           -->

	<action value="registrazioneMngCompetizione">
		<class>business.GestioneMngCompetizione</class>
		<method>registrazioneMngCompetizione</method>
	</action>
	
	<action value="profiloMngCompetizione">
		<class>business.GestioneMngCompetizione</class>
		<method>profiloMngCompetizione</method>
	</action>
	
	<action value="confermaModificheMng">
		<class>business.GestioneMngCompetizione</class>
		<method>confermaModificheMng</method>
	</action>

	<action value="vediMngCompetizioni">
		<class>business.GestioneMngCompetizione</class>
		<method>vediMngCompetizioni</method>
	</action>
	
	<action value="getMailMng">
		<class>business.GestioneMngCompetizione</class>
		<method>getMailMng</method>
	</action>
	
	<action value="riduciPartecipanti">
		<class>business.GestioneCompetizioni</class>
		<method>riduciPartecipanti</method>
	</action>

<!--               GESTIONE COMPETIZIONI               -->

	<action value="leggiCompetizioni">
		<class>business.GestioneCompetizioni</class>
		<method>leggiCompetizioni</method>
	</action>

	<action value="leggiTipiCompetizione">
		<class>business.GestioneCompetizioni</class>
		<method>leggiTipiCompetizione</method>
	</action>
	
	<action value="leggiOptional">
		<class>business.GestioneCompetizioni</class>
		<method>leggiOptional</method>
	</action>
	
	<action value="iscrizioneCompetizione">
		<class>business.GestionePartecipanti</class>
		<method>iscrizioneCompetizione</method>
	</action>
	
	<action value="inserisciCompetizione">
		<class>business.GestioneCompetizioni</class>
		<method>nuovaCompetizione</method>
	</action>
	
	<action value="competizioniGestite">
		<class>business.GestioneCompetizioni</class>
		<method>competizioniGestite</method>
	</action>

	<action value="annullaCompetizione">
		<class>business.GestioneCompetizioni</class>
		<method>annullaCompetizione</method>
	</action>
	
	<action value="ottieniCompetizione">
		<class>business.GestioneCompetizioni</class>
		<method>ottieniCompetizione</method>
	</action>
	
	<action value="modificaCompetizione">
		<class>business.GestioneCompetizioni</class>
		<method>modificaCompetizione</method>
	</action>
	
	<action value="vediCompetizioni">
		<class>business.GestioneCompetizioni</class>
		<method>vediCompetizioni</method>
	</action>
	
	<action value="dettagliOptional">
		<class>business.GestioneOptional</class>
		<method>dettagliOptional</method>
	</action>
	
	<action value="getPrezzi">
		<class>business.GestioneOptional</class>
		<method>getPrezzi</method>
	</action>
	
	<action value="confermaPrezzoOptional">
		<class>business.GestioneOptional</class>
		<method>confermaPrezzoOptional</method>
	</action>
	
	<action value="eliminaTipoComp">
		<class>business.GestioneCompetizioni</class>
		<method>eliminaTipoComp</method>
	</action>
	
	<action value="aggiungiTipoCompetizione">
		<class>business.GestioneCompetizioni</class>
		<method>aggiungiTipoCompetizione</method>
	</action>
	
</actions>