<?xml version="1.0" encoding="UTF-8"?>

<!-- Dispoto Marco, Raffaele D'Alessandro -->

<actions>

	<action value="menu">
		<class>presentation.ApplicationController</class>
		<method>menu</method>
	</action>
	
	<action value="registrazione">
		<class>presentation.ApplicationController</class>
		<method>registrazione</method>
	</action>
	
	<action value="login">
		<class>presentation.ApplicationController</class>
		<method>login</method>
	</action>
	
	<action value="modificaPassword">
		<class>presentation.ApplicationController</class>
		<method>modificaPassword</method>
	</action>
	
	<action value="aggiornaPassword">
		<class>presentation.ApplicationController</class>
		<method>aggiornaPassword</method>
	</action>
	
	<!-- PARTECIPANTE -->
	
	<action value="nuovoPartecipante">
		<class>presentation.ApplicationController</class>
		<method>nuovoPartecipante</method>
	</action>
	
	<action value="registrazionePartecipante">
		<class>presentation.ApplicationController</class>
		<method>registrazionePartecipante</method>
	</action>
	
	<action value="menuPartecipante">
		<class>presentation.ApplicationController</class>
		<method>menuPartecipante</method>
	</action>
	
	
	<action value="profiloPartecipante">
		<class>presentation.ApplicationController</class>
		<method>profiloPartecipante</method>
	</action>
	
	<action value="modificaDatiPartecipante">
		<class>presentation.ApplicationController</class>
		<method>modificaDatiPartecipante</method>
	</action>
	
	<action value="confermaModifichePart">
		<class>presentation.ApplicationController</class>
		<method>confermaModifichePart</method>
	</action>
	
	
	
	<action value="competizioniDisponibili">
		<class>presentation.ApplicationController</class>
		<method>competizioniDisponibili</method>
	</action>
	
	<action value="leggiOptionalScelti">
		<class>presentation.ApplicationController</class>
		<method>leggiOptionalScelti</method>
	</action>
	
	<action value="modificaOptionalScelti">
		<class>presentation.ApplicationController</class>
		<method>modificaOptionalScelti</method>
	</action>
	
	<action value="selezioneOptional">
		<class>presentation.ApplicationController</class>
		<method>selezioneOptional</method>
	</action>
	
	<action value="confermaIscrizione">
		<class>presentation.ApplicationController</class>
		<method>confermaIscrizione</method>
	</action>
	
	<action value="listaIscrizioni">
		<class>presentation.ApplicationController</class>
		<method>listaIscrizioni</method>
	</action>
	
	<action value="eliminaIscrizione">
		<class>presentation.ApplicationController</class>
		<method>eliminaIscrizione</method>
	</action>
	
	<!-- MANAGER DI COMPETIZIONE -->
	
	<action value="nuovoMngCompetizione">
		<class>presentation.ApplicationController</class>
		<method>nuovoMngCompetizione</method>
	</action>
	
	<action value="registrazioneMngCompetizione">
		<class>presentation.ApplicationController</class>
		<method>registrazioneMngCompetizione</method>
	</action>
	
	<action value="menuMngCompetizione">
		<class>presentation.ApplicationController</class>
		<method>menuMngCompetizione</method>
	</action>
	
	<action value="nuovaCompetizione">
		<class>presentation.ApplicationController</class>
		<method>nuovaCompetizione</method>
	</action>
	
	<action value="inserisciCompetizione">
		<class>presentation.ApplicationController</class>
		<method>inserisciCompetizione</method>
	</action>
	
	<action value="profiloMngCompetizione">
		<class>presentation.ApplicationController</class>
		<method>profiloMngCompetizione</method>
	</action>
	
	<action value="competizioniGestite">
		<class>presentation.ApplicationController</class>
		<method>competizioniGestite</method>
	</action>
	
	<action value="modificaDatiManager">
		<class>presentation.ApplicationController</class>
		<method>modificaDatiManager</method>
	</action>
	
	<action value="confermaModificheMng">
		<class>presentation.ApplicationController</class>
		<method>confermaModificheMng</method>
	</action>

	<action value="listaPartecipanti">
		<class>presentation.ApplicationController</class>
		<method>listaPartecipanti</method>
	</action>
	
	<action value="vediOptionalPartecipante">
		<class>presentation.ApplicationController</class>
		<method>vediOptionalPartecipante</method>
	</action>
	
	<action value="modificaOptionalPartecipante">
		<class>presentation.ApplicationController</class>
		<method>modificaOptionalPartecipante</method>
	</action>
	
	<action value="ottieniCompetizione">
		<class>presentation.ApplicationController</class>
		<method>ottieniCompetizione</method>
	</action>
	
	<action value="modificaCompetizione">
		<class>presentation.ApplicationController</class>
		<method>modificaCompetizione</method>
	</action>
	
	
	<action value="annullaCompetizione">
		<class>presentation.ApplicationController</class>
		<method>annullaCompetizione</method>
	</action>
	
	<action value="eliminaPartecipante">
		<class>presentation.ApplicationController</class>
		<method>eliminaPartecipante</method>
	</action>
	
	<!-- MANAGER DI SISTEMA -->
	
	<action value="menuMngSistema">
		<class>presentation.ApplicationController</class>
		<method>menuMngSistema</method>
	</action>
	
	<action value="vediCompetizioni">
		<class>presentation.ApplicationController</class>
		<method>vediCompetizioni</method>
	</action>
	
	<action value="vediMngCompetizioni">
		<class>presentation.ApplicationController</class>
		<method>vediMngCompetizioni</method>
	</action>
	
	<action value="gestioneCompetizioni">
		<class>presentation.ApplicationController</class>
		<method>gestioneCompetizioni</method>
	</action>
	
	<action value="gestioneOptional">
		<class>presentation.ApplicationController</class>
		<method>gestioneOptional</method>
	</action>
	
	<action value="modPrezzoOptional">
		<class>presentation.ApplicationController</class>
		<method>modPrezzoOptional</method>
	</action>
	
	<action value="confermaPrezzoOptional">
		<class>presentation.ApplicationController</class>
		<method>confermaPrezzoOptional</method>
	</action>
	
	<action value="eliminaTipoComp">
		<class>presentation.ApplicationController</class>
		<method>eliminaTipoComp</method>
	</action>
	
	<action value="aggiungiTipoCompetizione">
		<class>presentation.ApplicationController</class>
		<method>aggiungiTipoCompetizione</method>
	</action>

</actions>